<?xml version="1.0" encoding="UTF-8"?>
<project-private xmlns="http://www.netbeans.org/ns/project-private/1">
    <editor-bookmarks xmlns="http://www.netbeans.org/ns/editor-bookmarks/2" lastBookmarkId="0"/>
    <open-files xmlns="http://www.netbeans.org/ns/projectui-open-files/2">
        <group>
            <file>file:/E:/hospital%20management/src/hospital/management/buttons.java</file>
            <file>file:/E:/hospital%20management/src/hospital/management/home.java</file>
            <file>file:/E:/hospital%20management/src/hospital/management/staff.java</file>
            <file>file:/E:/hospital%20management/src/hospital/management/treatment.java</file>
            <file>file:/E:/hospital%20management/src/hospital/management/index.java</file>
            <file>file:/E:/hospital%20management/src/hospital/management/treatmentslist.java</file>
        </group>
    </open-files>
</project-private>
